{"w_estrella": [-0.10372816273707762, -0.8806768149934073, 0.5580559434393613, -1.917067940094358, -0.37623519580261194, 1.161016767838986, 0.3761098180296021, 0.4012564409793027, 0.79677194133676, 0.19514948879294197, 0.7959698256726424, 0.6957129012635491, 2.459045179887539, -1.7090931811834489, -0.8408124211119398, -0.7587481418607033, -0.23169738122156525, -0.9449267787556141, -1.4494841468853652, 0.5073125173430478, 0.5945870727595728, 0.3891252709405271, -0.28983842161569123, 1.0706613055552239, -0.8918050072040656, -1.0994987489097257, 1.6696990186908114, -0.34865621602096347, 1.0391876585080284, 0.6000694214149247, 0.17475048841357604, -1.2036355549863882, 0.22791978601841284, -0.6676364072848979, 2.497874302825418, 0.035547823895733764, -0.14811743287515783, 1.3969840481244145, -0.22703638555831762, -1.3281701894085942, 0.8476116111794497, -0.4807911585061528, 2.4662810374226942, 1.327629394415397, 0.1357523734005364, 1.3866560394991168, 1.370073758522374, -0.5674848683922824, 0.9205632508482339, -1.3114098330104726, -0.9059903714384687, 0.5255332274874741, 0.7807566185924335, -0.5475729642213634, -1.0728386718603369, -0.14332413664131408, 1.1287910591728123, -1.0323364824005614, -0.3974490921216178, -1.9092202193338845, 0.8036537140125138, -0.6036401024403982, 1.0497247653511224, -0.5026685998091595], "b_estrella": [-2.498865454703728]}