{"w_estrella": [-0.22077739951807576, -0.7110803005720355, 0.7837592181814482, 0.24397134858234684, -0.42783880672139074, 0.451592678860378, 2.342323863910078, -1.5980934168201684, 1.2752211138348, 1.8373805186558794, 2.661875770915953, -0.44048984453710127, 0.4749383162125485, -0.584365536451284, -2.7676975390076826, -0.7103910627682777], "b_estrella": [-1.4825056322388634]}